run_id,agent_condition,seed,task_id,start_ts,end_ts,total_time_sec,time_to_first_valid_plan_sec,iterations_count,d_efficiency,mean_power,predicted_gain,uncertainty_index,budget_used_ratio,invalid_assumptions_count,budget_violations_count,model_mismatch_flags,decision_reversal_count,output_completeness_score,format_compliance_score,impact_score,notes
agent_with_0001,Agent_With,1001,Task-01,2026-08-14T13:03:14.786800+00:00,2026-08-14T13:03:36.670303+00:00,0.2638,0.0923,3,0.45488987274803305,0.7486729191738482,0.39734583834769643,0.2363270242816329,1.0,0,0,0,0,1.0,1.0,82.6841,real_data_benchmark_run
agent_without_0001,Agent_Without,1001,Task-01,2026-08-14T13:03:16.170254+00:00,2026-08-14T13:03:36.948152+00:00,0.0426,0.0149,4,0.47433645958692405,0.6806117447034983,0.2973458383476964,0.2863270242816329,1.0,0,0,0,0,1.0,1.0,79.9512,real_data_benchmark_run
agent_with_0002,Agent_With,1002,Task-02,2026-08-14T13:03:14.923688+00:00,2026-08-14T13:03:37.341429+00:00,0.1238,0.0433,3,0.4498231999108463,0.7430661487727198,0.38613229754543965,0.23894855384337452,1.0,0,0,0,0,1.0,1.0,82.4728,real_data_benchmark_run
agent_without_0002,Agent_Without,1002,Task-02,2026-08-14T13:03:16.201620+00:00,2026-08-14T13:03:37.820381+00:00,0.0157,0.01,4,0.4715330743863599,0.6755146807024726,0.2861322975454396,0.28894855384337453,1.0,0,0,0,0,1.0,1.0,79.7615,real_data_benchmark_run
agent_with_0003,Agent_With,1003,Task-03,2026-08-14T13:03:15.059048+00:00,2026-08-14T13:03:38.403480+00:00,0.1211,0.0424,3,0.4486045608400611,0.9533592355956716,0.8067184711913432,0.10180674983552411,1.0,0,0,0,0,1.0,1.0,89.1824,real_data_benchmark_run
agent_without_0003,Agent_Without,1003,Task-03,2026-08-14T13:03:16.231538+00:00,2026-08-14T13:03:39.003337+00:00,0.0124,0.01,4,0.5766796177978357,0.8666902141778832,0.7067184711913432,0.1518067498355241,1.0,0,0,0,0,1.0,1.0,87.2345,real_data_benchmark_run
agent_with_0004,Agent_With,1004,Task-01,2026-08-14T13:03:15.227275+00:00,2026-08-14T13:03:39.533507+00:00,0.1464,0.0512,3,0.44982319991084607,0.757935798909646,0.41587159781929206,0.23193112056545007,1.0,0,0,0,0,1.0,1.0,82.924,real_data_benchmark_run
agent_without_0004,Agent_Without,1004,Task-01,2026-08-14T13:03:16.291358+00:00,2026-08-14T13:03:40.037901+00:00,0.0417,0.0146,4,0.478967899454823,0.6890325444633145,0.315871597819292,0.28193112056545006,1.0,0,0,0,0,1.0,1.0,80.266,real_data_benchmark_run
agent_with_0005,Agent_With,1005,Task-02,2026-08-14T13:03:15.370705+00:00,2026-08-14T13:03:40.502338+00:00,0.1275,0.0446,3,0.4518282606577591,0.7517129846398817,0.4034259692797634,0.23489336368286037,1.0,0,0,0,0,1.0,1.0,82.7527,real_data_benchmark_run
agent_without_0005,Agent_Without,1005,Task-02,2026-08-14T13:03:16.321999+00:00,2026-08-14T13:03:41.151438+00:00,0.013,0.01,4,0.4758564923199408,0.6833754405817105,0.30342596927976334,0.2848933636828604,1.0,0,0,0,0,1.0,1.0,80.055,real_data_benchmark_run
agent_with_0006,Agent_With,1006,Task-03,2026-08-14T13:03:15.524304+00:00,2026-08-14T13:03:41.722607+00:00,0.1364,0.0477,3,0.4518282606577591,0.947249007150891,0.7944980143017819,0.10827023069781261,1.0,0,0,0,0,1.0,1.0,88.9933,real_data_benchmark_run
agent_without_0006,Agent_Without,1006,Task-03,2026-08-14T13:03:16.350711+00:00,2026-08-14T13:03:42.249712+00:00,0.012,0.01,4,0.5736245035754455,0.8611354610462645,0.6944980143017818,0.1582702306978126,1.0,0,0,0,0,1.0,1.0,86.9957,real_data_benchmark_run
agent_with_0007,Agent_With,1007,Task-01,2026-08-14T13:03:15.692569+00:00,2026-08-14T13:03:42.749729+00:00,0.1509,0.0528,3,0.45488987274803305,0.7585892131172406,0.4171784262344812,0.23161787825965008,1.0,0,0,0,0,1.0,1.0,82.9882,real_data_benchmark_run
agent_without_0007,Agent_Without,1007,Task-01,2026-08-14T13:03:16.416814+00:00,2026-08-14T13:03:43.169030+00:00,0.0472,0.0165,4,0.4792946065586203,0.6896265573793096,0.31717842623448117,0.28161787825965007,1.0,0,0,0,0,1.0,1.0,80.2881,real_data_benchmark_run
agent_with_0008,Agent_With,1008,Task-02,2026-08-14T13:03:15.826725+00:00,2026-08-14T13:03:43.725249+00:00,0.1173,0.0411,3,0.44814664813736604,0.7788608368196113,0.45772167363922256,0.2216800312664824,1.0,0,0,0,0,1.0,1.0,83.549,real_data_benchmark_run
agent_without_0008,Agent_Without,1008,Task-02,2026-08-14T13:03:16.454149+00:00,2026-08-14T13:03:44.283211+00:00,0.0186,0.01,4,0.4894304184098056,0.7080553061996465,0.3577216736392225,0.2716800312664824,1.0,0,0,0,0,1.0,1.0,80.9803,real_data_benchmark_run
agent_with_0009,Agent_With,1009,Task-03,2026-08-14T13:03:15.943351+00:00,2026-08-14T13:03:44.734653+00:00,0.1032,0.0361,3,0.44978664611566743,0.906198424286633,0.712396848573266,0.14437726484100757,1.0,0,0,0,0,1.0,1.0,87.5827,real_data_benchmark_run
agent_without_0009,Agent_Without,1009,Task-03,2026-08-14T13:03:16.492540+00:00,2026-08-14T13:03:45.251582+00:00,0.0166,0.01,4,0.5530992121433165,0.8238167493514845,0.612396848573266,0.1943772648410076,1.0,0,0,0,0,1.0,1.0,85.4552,real_data_benchmark_run
agent_with_0010,Agent_With,1010,Task-01,2026-08-14T13:03:16.108379+00:00,2026-08-14T13:03:45.734683+00:00,0.1479,0.0518,3,0.4481466481373658,0.750550564277967,0.40110112855593394,0.23544257885571496,1.0,0,0,0,0,1.0,1.0,82.6847,real_data_benchmark_run
agent_without_0010,Agent_Without,1010,Task-01,2026-08-14T13:03:16.569753+00:00,2026-08-14T13:03:46.130861+00:00,0.0519,0.0182,4,0.47527528213898346,0.6823186947981518,0.3011011285559339,0.28544257885571495,1.0,0,0,0,0,1.0,1.0,80.0148,real_data_benchmark_run
